enabled	resource_id	source_pbm	editable_png	replacement_pbm	replacement_png	erase_pbm	replacement_mode	patch_regions	source_note	ko_text	width	height	font_size	line_height	pad	threshold	bold	invert	source_ink_indexes	ink_index	bg_index	lossy_fit	lossy_protect_regions	heal_regions	heal_indexes	heal_radius
1	811	F:\\workspace-server\\create-retro-game-kr-patch-main\\tmp\\SLPS-01903\\be-hdr-ui-workflow\\masks\\be-hdr-ui-811.pbm	F:\\workspace-server\\create-retro-game-kr-patch-main\\tmp\\SLPS-01903\\be-hdr-ui-workflow\\masks\\be-hdr-ui-811.png		F:\\workspace-server\\create-retro-game-kr-patch-main\\tmp\\SLPS-01903\\be-hdr-ui-workflow\\masks\\edit\\be-hdr-ui-811-edit.png				be-hdr 8bpp 184x48, tiles=52		184	48	24	24	1	64	0	1	1,2	2	3					
	812	F:\\workspace-server\\create-retro-game-kr-patch-main\\tmp\\SLPS-01903\\be-hdr-ui-workflow\\masks\\be-hdr-ui-812.pbm	F:\\workspace-server\\create-retro-game-kr-patch-main\\tmp\\SLPS-01903\\be-hdr-ui-workflow\\masks\\be-hdr-ui-812.png		F:\\workspace-server\\create-retro-game-kr-patch-main\\tmp\\SLPS-01903\\be-hdr-ui-workflow\\masks\\edit\\be-hdr-ui-812-edit.png				be-hdr 8bpp 160x48, tiles=46		160	48	24	24	1	64	0	1	224-232	2	3					
	813	F:\\workspace-server\\create-retro-game-kr-patch-main\\tmp\\SLPS-01903\\be-hdr-ui-workflow\\masks\\be-hdr-ui-813.pbm	F:\\workspace-server\\create-retro-game-kr-patch-main\\tmp\\SLPS-01903\\be-hdr-ui-workflow\\masks\\be-hdr-ui-813.png		F:\\workspace-server\\create-retro-game-kr-patch-main\\tmp\\SLPS-01903\\be-hdr-ui-workflow\\masks\\edit\\be-hdr-ui-813-edit.png				be-hdr 8bpp 144x48, tiles=43		144	48	24	24	1	64	0	1	224-232	2	3					
	814	F:\\workspace-server\\create-retro-game-kr-patch-main\\tmp\\SLPS-01903\\be-hdr-ui-workflow\\masks\\be-hdr-ui-814.pbm	F:\\workspace-server\\create-retro-game-kr-patch-main\\tmp\\SLPS-01903\\be-hdr-ui-workflow\\masks\\be-hdr-ui-814.png		F:\\workspace-server\\create-retro-game-kr-patch-main\\tmp\\SLPS-01903\\be-hdr-ui-workflow\\masks\\edit\\be-hdr-ui-814-edit.png				be-hdr 8bpp 208x48, tiles=60		208	48	24	24	1	64	0	1	224-232	2	3					
	815	F:\\workspace-server\\create-retro-game-kr-patch-main\\tmp\\SLPS-01903\\be-hdr-ui-workflow\\masks\\be-hdr-ui-815.pbm	F:\\workspace-server\\create-retro-game-kr-patch-main\\tmp\\SLPS-01903\\be-hdr-ui-workflow\\masks\\be-hdr-ui-815.png		F:\\workspace-server\\create-retro-game-kr-patch-main\\tmp\\SLPS-01903\\be-hdr-ui-workflow\\masks\\edit\\be-hdr-ui-815-edit.png				be-hdr 8bpp 128x48, tiles=39		128	48	24	24	1	64	0	1	224-232	2	3					
	816	F:\\workspace-server\\create-retro-game-kr-patch-main\\tmp\\SLPS-01903\\be-hdr-ui-workflow\\masks\\be-hdr-ui-816.pbm	F:\\workspace-server\\create-retro-game-kr-patch-main\\tmp\\SLPS-01903\\be-hdr-ui-workflow\\masks\\be-hdr-ui-816.png		F:\\workspace-server\\create-retro-game-kr-patch-main\\tmp\\SLPS-01903\\be-hdr-ui-workflow\\masks\\edit\\be-hdr-ui-816-edit.png				be-hdr 8bpp 152x48, tiles=45		152	48	24	24	1	64	0	1	224-232	2	3					
	817	F:\\workspace-server\\create-retro-game-kr-patch-main\\tmp\\SLPS-01903\\be-hdr-ui-workflow\\masks\\be-hdr-ui-817.pbm	F:\\workspace-server\\create-retro-game-kr-patch-main\\tmp\\SLPS-01903\\be-hdr-ui-workflow\\masks\\be-hdr-ui-817.png		F:\\workspace-server\\create-retro-game-kr-patch-main\\tmp\\SLPS-01903\\be-hdr-ui-workflow\\masks\\edit\\be-hdr-ui-817-edit.png				be-hdr 8bpp 152x48, tiles=45		152	48	24	24	1	64	0	1	224-232	2	3					
	818	F:\\workspace-server\\create-retro-game-kr-patch-main\\tmp\\SLPS-01903\\be-hdr-ui-workflow\\masks\\be-hdr-ui-818.pbm	F:\\workspace-server\\create-retro-game-kr-patch-main\\tmp\\SLPS-01903\\be-hdr-ui-workflow\\masks\\be-hdr-ui-818.png		F:\\workspace-server\\create-retro-game-kr-patch-main\\tmp\\SLPS-01903\\be-hdr-ui-workflow\\masks\\edit\\be-hdr-ui-818-edit.png				be-hdr 8bpp 144x48, tiles=43		144	48	24	24	1	64	0	1	224-232	2	3					
	819	F:\\workspace-server\\create-retro-game-kr-patch-main\\tmp\\SLPS-01903\\be-hdr-ui-workflow\\masks\\be-hdr-ui-819.pbm	F:\\workspace-server\\create-retro-game-kr-patch-main\\tmp\\SLPS-01903\\be-hdr-ui-workflow\\masks\\be-hdr-ui-819.png		F:\\workspace-server\\create-retro-game-kr-patch-main\\tmp\\SLPS-01903\\be-hdr-ui-workflow\\masks\\edit\\be-hdr-ui-819-edit.png				be-hdr 8bpp 184x48, tiles=53		184	48	24	24	1	64	0	1	224-232	2	3					
	820	F:\\workspace-server\\create-retro-game-kr-patch-main\\tmp\\SLPS-01903\\be-hdr-ui-workflow\\masks\\be-hdr-ui-820.pbm	F:\\workspace-server\\create-retro-game-kr-patch-main\\tmp\\SLPS-01903\\be-hdr-ui-workflow\\masks\\be-hdr-ui-820.png		F:\\workspace-server\\create-retro-game-kr-patch-main\\tmp\\SLPS-01903\\be-hdr-ui-workflow\\masks\\edit\\be-hdr-ui-820-edit.png				be-hdr 8bpp 152x48, tiles=45		152	48	24	24	1	64	0	1	224-232	2	3					
	821	F:\\workspace-server\\create-retro-game-kr-patch-main\\tmp\\SLPS-01903\\be-hdr-ui-workflow\\masks\\be-hdr-ui-821.pbm	F:\\workspace-server\\create-retro-game-kr-patch-main\\tmp\\SLPS-01903\\be-hdr-ui-workflow\\masks\\be-hdr-ui-821.png		F:\\workspace-server\\create-retro-game-kr-patch-main\\tmp\\SLPS-01903\\be-hdr-ui-workflow\\masks\\edit\\be-hdr-ui-821-edit.png				be-hdr 8bpp 232x48, tiles=63		232	48	24	24	1	64	0	1	224-232	2	3					
	822	F:\\workspace-server\\create-retro-game-kr-patch-main\\tmp\\SLPS-01903\\be-hdr-ui-workflow\\masks\\be-hdr-ui-822.pbm	F:\\workspace-server\\create-retro-game-kr-patch-main\\tmp\\SLPS-01903\\be-hdr-ui-workflow\\masks\\be-hdr-ui-822.png		F:\\workspace-server\\create-retro-game-kr-patch-main\\tmp\\SLPS-01903\\be-hdr-ui-workflow\\masks\\edit\\be-hdr-ui-822-edit.png				be-hdr 8bpp 128x48, tiles=39		128	48	24	24	1	64	0	1	224-232	2	3					
	823	F:\\workspace-server\\create-retro-game-kr-patch-main\\tmp\\SLPS-01903\\be-hdr-ui-workflow\\masks\\be-hdr-ui-823.pbm	F:\\workspace-server\\create-retro-game-kr-patch-main\\tmp\\SLPS-01903\\be-hdr-ui-workflow\\masks\\be-hdr-ui-823.png		F:\\workspace-server\\create-retro-game-kr-patch-main\\tmp\\SLPS-01903\\be-hdr-ui-workflow\\masks\\edit\\be-hdr-ui-823-edit.png				be-hdr 8bpp 184x48, tiles=53		184	48	24	24	1	64	0	1	224-232	2	3					
	824	F:\\workspace-server\\create-retro-game-kr-patch-main\\tmp\\SLPS-01903\\be-hdr-ui-workflow\\masks\\be-hdr-ui-824.pbm	F:\\workspace-server\\create-retro-game-kr-patch-main\\tmp\\SLPS-01903\\be-hdr-ui-workflow\\masks\\be-hdr-ui-824.png		F:\\workspace-server\\create-retro-game-kr-patch-main\\tmp\\SLPS-01903\\be-hdr-ui-workflow\\masks\\edit\\be-hdr-ui-824-edit.png				be-hdr 8bpp 168x48, tiles=48		168	48	24	24	1	64	0	1	224-232	2	3					
	825	F:\\workspace-server\\create-retro-game-kr-patch-main\\tmp\\SLPS-01903\\be-hdr-ui-workflow\\masks\\be-hdr-ui-825.pbm	F:\\workspace-server\\create-retro-game-kr-patch-main\\tmp\\SLPS-01903\\be-hdr-ui-workflow\\masks\\be-hdr-ui-825.png		F:\\workspace-server\\create-retro-game-kr-patch-main\\tmp\\SLPS-01903\\be-hdr-ui-workflow\\masks\\edit\\be-hdr-ui-825-edit.png				be-hdr 8bpp 128x48, tiles=39		128	48	24	24	1	64	0	1	224-232	2	3					
	826	F:\\workspace-server\\create-retro-game-kr-patch-main\\tmp\\SLPS-01903\\be-hdr-ui-workflow\\masks\\be-hdr-ui-826.pbm	F:\\workspace-server\\create-retro-game-kr-patch-main\\tmp\\SLPS-01903\\be-hdr-ui-workflow\\masks\\be-hdr-ui-826.png		F:\\workspace-server\\create-retro-game-kr-patch-main\\tmp\\SLPS-01903\\be-hdr-ui-workflow\\masks\\edit\\be-hdr-ui-826-edit.png				be-hdr 8bpp 200x48, tiles=56		200	48	24	24	1	64	0	1	224-232	2	3					
	827	F:\\workspace-server\\create-retro-game-kr-patch-main\\tmp\\SLPS-01903\\be-hdr-ui-workflow\\masks\\be-hdr-ui-827.pbm	F:\\workspace-server\\create-retro-game-kr-patch-main\\tmp\\SLPS-01903\\be-hdr-ui-workflow\\masks\\be-hdr-ui-827.png		F:\\workspace-server\\create-retro-game-kr-patch-main\\tmp\\SLPS-01903\\be-hdr-ui-workflow\\masks\\edit\\be-hdr-ui-827-edit.png				be-hdr 8bpp 512x512, tiles=1423		512	512	24	24	1	64	0	1	1,2	2	3					
	828	F:\\workspace-server\\create-retro-game-kr-patch-main\\tmp\\SLPS-01903\\be-hdr-ui-workflow\\masks\\be-hdr-ui-828.pbm	F:\\workspace-server\\create-retro-game-kr-patch-main\\tmp\\SLPS-01903\\be-hdr-ui-workflow\\masks\\be-hdr-ui-828.png		F:\\workspace-server\\create-retro-game-kr-patch-main\\tmp\\SLPS-01903\\be-hdr-ui-workflow\\masks\\edit\\be-hdr-ui-828-edit.png				be-hdr 8bpp 512x208, tiles=259		512	208	24	24	1	64	0	1	224-232	2	3					
	1170	F:\\workspace-server\\create-retro-game-kr-patch-main\\tmp\\SLPS-01903\\be-hdr-ui-workflow\\masks\\be-hdr-ui-1170.pbm	F:\\workspace-server\\create-retro-game-kr-patch-main\\tmp\\SLPS-01903\\be-hdr-ui-workflow\\masks\\be-hdr-ui-1170.png		F:\\workspace-server\\create-retro-game-kr-patch-main\\tmp\\SLPS-01903\\be-hdr-ui-workflow\\masks\\edit\\be-hdr-ui-1170-edit.png				be-hdr 8bpp 304x208, tiles=137		304	208	24	24	1	64	0	1	224-232	2	3					
	1171	F:\\workspace-server\\create-retro-game-kr-patch-main\\tmp\\SLPS-01903\\be-hdr-ui-workflow\\masks\\be-hdr-ui-1171.pbm	F:\\workspace-server\\create-retro-game-kr-patch-main\\tmp\\SLPS-01903\\be-hdr-ui-workflow\\masks\\be-hdr-ui-1171.png		F:\\workspace-server\\create-retro-game-kr-patch-main\\tmp\\SLPS-01903\\be-hdr-ui-workflow\\masks\\edit\\be-hdr-ui-1171-edit.png				be-hdr 8bpp 304x208, tiles=68		304	208	24	24	1	64	0	1	224-232	2	3					
	1172	F:\\workspace-server\\create-retro-game-kr-patch-main\\tmp\\SLPS-01903\\be-hdr-ui-workflow\\masks\\be-hdr-ui-1172.pbm	F:\\workspace-server\\create-retro-game-kr-patch-main\\tmp\\SLPS-01903\\be-hdr-ui-workflow\\masks\\be-hdr-ui-1172.png		F:\\workspace-server\\create-retro-game-kr-patch-main\\tmp\\SLPS-01903\\be-hdr-ui-workflow\\masks\\edit\\be-hdr-ui-1172-edit.png				be-hdr 8bpp 304x208, tiles=141		304	208	24	24	1	64	0	1	224-232	2	3					
	1173	F:\\workspace-server\\create-retro-game-kr-patch-main\\tmp\\SLPS-01903\\be-hdr-ui-workflow\\masks\\be-hdr-ui-1173.pbm	F:\\workspace-server\\create-retro-game-kr-patch-main\\tmp\\SLPS-01903\\be-hdr-ui-workflow\\masks\\be-hdr-ui-1173.png		F:\\workspace-server\\create-retro-game-kr-patch-main\\tmp\\SLPS-01903\\be-hdr-ui-workflow\\masks\\edit\\be-hdr-ui-1173-edit.png				be-hdr 8bpp 304x208, tiles=122		304	208	24	24	1	64	0	1	224-232	2	3					
	1174	F:\\workspace-server\\create-retro-game-kr-patch-main\\tmp\\SLPS-01903\\be-hdr-ui-workflow\\masks\\be-hdr-ui-1174.pbm	F:\\workspace-server\\create-retro-game-kr-patch-main\\tmp\\SLPS-01903\\be-hdr-ui-workflow\\masks\\be-hdr-ui-1174.png		F:\\workspace-server\\create-retro-game-kr-patch-main\\tmp\\SLPS-01903\\be-hdr-ui-workflow\\masks\\edit\\be-hdr-ui-1174-edit.png				be-hdr 8bpp 304x208, tiles=79		304	208	24	24	1	64	0	1	224-232	2	3					
	1175	F:\\workspace-server\\create-retro-game-kr-patch-main\\tmp\\SLPS-01903\\be-hdr-ui-workflow\\masks\\be-hdr-ui-1175.pbm	F:\\workspace-server\\create-retro-game-kr-patch-main\\tmp\\SLPS-01903\\be-hdr-ui-workflow\\masks\\be-hdr-ui-1175.png		F:\\workspace-server\\create-retro-game-kr-patch-main\\tmp\\SLPS-01903\\be-hdr-ui-workflow\\masks\\edit\\be-hdr-ui-1175-edit.png				be-hdr 8bpp 304x208, tiles=166		304	208	24	24	1	64	0	1	224-232	2	3					
	1176	F:\\workspace-server\\create-retro-game-kr-patch-main\\tmp\\SLPS-01903\\be-hdr-ui-workflow\\masks\\be-hdr-ui-1176.pbm	F:\\workspace-server\\create-retro-game-kr-patch-main\\tmp\\SLPS-01903\\be-hdr-ui-workflow\\masks\\be-hdr-ui-1176.png		F:\\workspace-server\\create-retro-game-kr-patch-main\\tmp\\SLPS-01903\\be-hdr-ui-workflow\\masks\\edit\\be-hdr-ui-1176-edit.png				be-hdr 8bpp 304x208, tiles=160		304	208	24	24	1	64	0	1	224-232	2	3					
	1177	F:\\workspace-server\\create-retro-game-kr-patch-main\\tmp\\SLPS-01903\\be-hdr-ui-workflow\\masks\\be-hdr-ui-1177.pbm	F:\\workspace-server\\create-retro-game-kr-patch-main\\tmp\\SLPS-01903\\be-hdr-ui-workflow\\masks\\be-hdr-ui-1177.png		F:\\workspace-server\\create-retro-game-kr-patch-main\\tmp\\SLPS-01903\\be-hdr-ui-workflow\\masks\\edit\\be-hdr-ui-1177-edit.png				be-hdr 8bpp 304x208, tiles=93		304	208	24	24	1	64	0	1	224-232	2	3					
	1178	F:\\workspace-server\\create-retro-game-kr-patch-main\\tmp\\SLPS-01903\\be-hdr-ui-workflow\\masks\\be-hdr-ui-1178.pbm	F:\\workspace-server\\create-retro-game-kr-patch-main\\tmp\\SLPS-01903\\be-hdr-ui-workflow\\masks\\be-hdr-ui-1178.png		F:\\workspace-server\\create-retro-game-kr-patch-main\\tmp\\SLPS-01903\\be-hdr-ui-workflow\\masks\\edit\\be-hdr-ui-1178-edit.png				be-hdr 8bpp 304x208, tiles=174		304	208	24	24	1	64	0	1	224-232	2	3					
	1179	F:\\workspace-server\\create-retro-game-kr-patch-main\\tmp\\SLPS-01903\\be-hdr-ui-workflow\\masks\\be-hdr-ui-1179.pbm	F:\\workspace-server\\create-retro-game-kr-patch-main\\tmp\\SLPS-01903\\be-hdr-ui-workflow\\masks\\be-hdr-ui-1179.png						be-hdr 8bpp 304x208, tiles=57		304	208	24	24	1	64	0	1	224-232	2	3					
	1180	F:\\workspace-server\\create-retro-game-kr-patch-main\\tmp\\SLPS-01903\\be-hdr-ui-workflow\\masks\\be-hdr-ui-1180.pbm	F:\\workspace-server\\create-retro-game-kr-patch-main\\tmp\\SLPS-01903\\be-hdr-ui-workflow\\masks\\be-hdr-ui-1180.png						be-hdr 8bpp 304x208, tiles=57		304	208	24	24	1	64	0	1	224-232	2	3					
	1181	F:\\workspace-server\\create-retro-game-kr-patch-main\\tmp\\SLPS-01903\\be-hdr-ui-workflow\\masks\\be-hdr-ui-1181.pbm	F:\\workspace-server\\create-retro-game-kr-patch-main\\tmp\\SLPS-01903\\be-hdr-ui-workflow\\masks\\be-hdr-ui-1181.png		F:\\workspace-server\\create-retro-game-kr-patch-main\\tmp\\SLPS-01903\\be-hdr-ui-workflow\\masks\\edit\\be-hdr-ui-1181-edit.png				be-hdr 8bpp 304x208, tiles=179		304	208	24	24	1	64	0	1	224-232	2	3					
	1182	F:\\workspace-server\\create-retro-game-kr-patch-main\\tmp\\SLPS-01903\\be-hdr-ui-workflow\\masks\\be-hdr-ui-1182.pbm	F:\\workspace-server\\create-retro-game-kr-patch-main\\tmp\\SLPS-01903\\be-hdr-ui-workflow\\masks\\be-hdr-ui-1182.png		F:\\workspace-server\\create-retro-game-kr-patch-main\\tmp\\SLPS-01903\\be-hdr-ui-workflow\\masks\\edit\\be-hdr-ui-1182-edit.png				be-hdr 8bpp 304x208, tiles=97		304	208	24	24	1	64	0	1	224-232	2	3					
	1183	F:\\workspace-server\\create-retro-game-kr-patch-main\\tmp\\SLPS-01903\\be-hdr-ui-workflow\\masks\\be-hdr-ui-1183.pbm	F:\\workspace-server\\create-retro-game-kr-patch-main\\tmp\\SLPS-01903\\be-hdr-ui-workflow\\masks\\be-hdr-ui-1183.png		F:\\workspace-server\\create-retro-game-kr-patch-main\\tmp\\SLPS-01903\\be-hdr-ui-workflow\\masks\\edit\\be-hdr-ui-1183-edit.png				be-hdr 8bpp 304x160, tiles=137		304	160	24	24	1	64	0	1	224-232	2	3					
	1184	F:\\workspace-server\\create-retro-game-kr-patch-main\\tmp\\SLPS-01903\\be-hdr-ui-workflow\\masks\\be-hdr-ui-1184.pbm	F:\\workspace-server\\create-retro-game-kr-patch-main\\tmp\\SLPS-01903\\be-hdr-ui-workflow\\masks\\be-hdr-ui-1184.png		F:\\workspace-server\\create-retro-game-kr-patch-main\\tmp\\SLPS-01903\\be-hdr-ui-workflow\\masks\\edit\\be-hdr-ui-1184-edit.png				be-hdr 8bpp 304x208, tiles=129		304	208	24	24	1	64	0	1	224-232	2	3					
	1185	F:\\workspace-server\\create-retro-game-kr-patch-main\\tmp\\SLPS-01903\\be-hdr-ui-workflow\\masks\\be-hdr-ui-1185.pbm	F:\\workspace-server\\create-retro-game-kr-patch-main\\tmp\\SLPS-01903\\be-hdr-ui-workflow\\masks\\be-hdr-ui-1185.png		F:\\workspace-server\\create-retro-game-kr-patch-main\\tmp\\SLPS-01903\\be-hdr-ui-workflow\\masks\\edit\\be-hdr-ui-1185-edit.png				be-hdr 8bpp 304x208, tiles=125		304	208	24	24	1	64	0	1	224-232	2	3					
	1186	F:\\workspace-server\\create-retro-game-kr-patch-main\\tmp\\SLPS-01903\\be-hdr-ui-workflow\\masks\\be-hdr-ui-1186.pbm	F:\\workspace-server\\create-retro-game-kr-patch-main\\tmp\\SLPS-01903\\be-hdr-ui-workflow\\masks\\be-hdr-ui-1186.png		F:\\workspace-server\\create-retro-game-kr-patch-main\\tmp\\SLPS-01903\\be-hdr-ui-workflow\\masks\\edit\\be-hdr-ui-1186-edit.png				be-hdr 8bpp 160x72, tiles=73		160	72	24	24	1	64	0	1	224-232	2	3					
	1187	F:\\workspace-server\\create-retro-game-kr-patch-main\\tmp\\SLPS-01903\\be-hdr-ui-workflow\\masks\\be-hdr-ui-1187.pbm	F:\\workspace-server\\create-retro-game-kr-patch-main\\tmp\\SLPS-01903\\be-hdr-ui-workflow\\masks\\be-hdr-ui-1187.png		F:\\workspace-server\\create-retro-game-kr-patch-main\\tmp\\SLPS-01903\\be-hdr-ui-workflow\\masks\\edit\\be-hdr-ui-1187-edit.png				be-hdr 8bpp 304x208, tiles=205		304	208	24	24	1	64	0	1	224-232	2	3					
	1188	F:\\workspace-server\\create-retro-game-kr-patch-main\\tmp\\SLPS-01903\\be-hdr-ui-workflow\\masks\\be-hdr-ui-1188.pbm	F:\\workspace-server\\create-retro-game-kr-patch-main\\tmp\\SLPS-01903\\be-hdr-ui-workflow\\masks\\be-hdr-ui-1188.png		F:\\workspace-server\\create-retro-game-kr-patch-main\\tmp\\SLPS-01903\\be-hdr-ui-workflow\\masks\\edit\\be-hdr-ui-1188-edit.png				be-hdr 8bpp 512x240, tiles=368		512	240	24	24	1	64	0	1	224-232	2	3					
	1189	F:\\workspace-server\\create-retro-game-kr-patch-main\\tmp\\SLPS-01903\\be-hdr-ui-workflow\\masks\\be-hdr-ui-1189.pbm	F:\\workspace-server\\create-retro-game-kr-patch-main\\tmp\\SLPS-01903\\be-hdr-ui-workflow\\masks\\be-hdr-ui-1189.png		F:\\workspace-server\\create-retro-game-kr-patch-main\\tmp\\SLPS-01903\\be-hdr-ui-workflow\\masks\\edit\\be-hdr-ui-1189-edit.png				be-hdr 8bpp 160x48, tiles=47		160	48	24	24	1	64	0	1	224-232	2	3					
	1190	F:\\workspace-server\\create-retro-game-kr-patch-main\\tmp\\SLPS-01903\\be-hdr-ui-workflow\\masks\\be-hdr-ui-1190.pbm	F:\\workspace-server\\create-retro-game-kr-patch-main\\tmp\\SLPS-01903\\be-hdr-ui-workflow\\masks\\be-hdr-ui-1190.png						be-hdr 8bpp 304x208, tiles=79		304	208	24	24	1	64	0	1	224-232	2	3					
	1191	F:\\workspace-server\\create-retro-game-kr-patch-main\\tmp\\SLPS-01903\\be-hdr-ui-workflow\\masks\\be-hdr-ui-1191.pbm	F:\\workspace-server\\create-retro-game-kr-patch-main\\tmp\\SLPS-01903\\be-hdr-ui-workflow\\masks\\be-hdr-ui-1191.png		F:\\workspace-server\\create-retro-game-kr-patch-main\\tmp\\SLPS-01903\\be-hdr-ui-workflow\\masks\\edit\\be-hdr-ui-1191-edit.png				be-hdr 8bpp 160x72, tiles=64		160	72	24	24	1	64	0	1	224-232	2	3					
	1192	F:\\workspace-server\\create-retro-game-kr-patch-main\\tmp\\SLPS-01903\\be-hdr-ui-workflow\\masks\\be-hdr-ui-1192.pbm	F:\\workspace-server\\create-retro-game-kr-patch-main\\tmp\\SLPS-01903\\be-hdr-ui-workflow\\masks\\be-hdr-ui-1192.png		F:\\workspace-server\\create-retro-game-kr-patch-main\\tmp\\SLPS-01903\\be-hdr-ui-workflow\\masks\\edit\\be-hdr-ui-1192-edit.png				be-hdr 8bpp 160x72, tiles=37		160	72	24	24	1	64	0	1	224-232	2	3					
	1193	F:\\workspace-server\\create-retro-game-kr-patch-main\\tmp\\SLPS-01903\\be-hdr-ui-workflow\\masks\\be-hdr-ui-1193.pbm	F:\\workspace-server\\create-retro-game-kr-patch-main\\tmp\\SLPS-01903\\be-hdr-ui-workflow\\masks\\be-hdr-ui-1193.png		F:\\workspace-server\\create-retro-game-kr-patch-main\\tmp\\SLPS-01903\\be-hdr-ui-workflow\\masks\\edit\\be-hdr-ui-1193-edit.png				be-hdr 8bpp 128x72, tiles=47		128	72	24	24	1	64	0	1	224-232	2	3					
	1194	F:\\workspace-server\\create-retro-game-kr-patch-main\\tmp\\SLPS-01903\\be-hdr-ui-workflow\\masks\\be-hdr-ui-1194.pbm	F:\\workspace-server\\create-retro-game-kr-patch-main\\tmp\\SLPS-01903\\be-hdr-ui-workflow\\masks\\be-hdr-ui-1194.png		F:\\workspace-server\\create-retro-game-kr-patch-main\\tmp\\SLPS-01903\\be-hdr-ui-workflow\\masks\\edit\\be-hdr-ui-1194-edit.png				be-hdr 8bpp 176x72, tiles=50		176	72	24	24	1	64	0	1	224-232	2	3					
	1195	F:\\workspace-server\\create-retro-game-kr-patch-main\\tmp\\SLPS-01903\\be-hdr-ui-workflow\\masks\\be-hdr-ui-1195.pbm	F:\\workspace-server\\create-retro-game-kr-patch-main\\tmp\\SLPS-01903\\be-hdr-ui-workflow\\masks\\be-hdr-ui-1195.png		F:\\workspace-server\\create-retro-game-kr-patch-main\\tmp\\SLPS-01903\\be-hdr-ui-workflow\\masks\\edit\\be-hdr-ui-1195-edit.png				be-hdr 8bpp 184x72, tiles=65		184	72	24	24	1	64	0	1	224-232	2	3					
	1196	F:\\workspace-server\\create-retro-game-kr-patch-main\\tmp\\SLPS-01903\\be-hdr-ui-workflow\\masks\\be-hdr-ui-1196.pbm	F:\\workspace-server\\create-retro-game-kr-patch-main\\tmp\\SLPS-01903\\be-hdr-ui-workflow\\masks\\be-hdr-ui-1196.png		F:\\workspace-server\\create-retro-game-kr-patch-main\\tmp\\SLPS-01903\\be-hdr-ui-workflow\\masks\\edit\\be-hdr-ui-1196-edit.png				be-hdr 8bpp 176x72, tiles=41		176	72	24	24	1	64	0	1	224-232	2	3					
	1197	F:\\workspace-server\\create-retro-game-kr-patch-main\\tmp\\SLPS-01903\\be-hdr-ui-workflow\\masks\\be-hdr-ui-1197.pbm	F:\\workspace-server\\create-retro-game-kr-patch-main\\tmp\\SLPS-01903\\be-hdr-ui-workflow\\masks\\be-hdr-ui-1197.png		F:\\workspace-server\\create-retro-game-kr-patch-main\\tmp\\SLPS-01903\\be-hdr-ui-workflow\\masks\\edit\\be-hdr-ui-1197-edit.png				be-hdr 8bpp 176x80, tiles=31		176	80	24	24	1	64	0	1	224-232	2	3					
	1198	F:\\workspace-server\\create-retro-game-kr-patch-main\\tmp\\SLPS-01903\\be-hdr-ui-workflow\\masks\\be-hdr-ui-1198.pbm	F:\\workspace-server\\create-retro-game-kr-patch-main\\tmp\\SLPS-01903\\be-hdr-ui-workflow\\masks\\be-hdr-ui-1198.png		F:\\workspace-server\\create-retro-game-kr-patch-main\\tmp\\SLPS-01903\\be-hdr-ui-workflow\\masks\\edit\\be-hdr-ui-1198-edit.png				be-hdr 8bpp 184x56, tiles=72		184	56	24	24	1	64	0	1	224-232	2	3					
	1199	F:\\workspace-server\\create-retro-game-kr-patch-main\\tmp\\SLPS-01903\\be-hdr-ui-workflow\\masks\\be-hdr-ui-1199.pbm	F:\\workspace-server\\create-retro-game-kr-patch-main\\tmp\\SLPS-01903\\be-hdr-ui-workflow\\masks\\be-hdr-ui-1199.png		F:\\workspace-server\\create-retro-game-kr-patch-main\\tmp\\SLPS-01903\\be-hdr-ui-workflow\\masks\\edit\\be-hdr-ui-1199-edit.png				be-hdr 8bpp 184x88, tiles=117		184	88	24	24	1	64	0	1	224-232	2	3					
	1200	F:\\workspace-server\\create-retro-game-kr-patch-main\\tmp\\SLPS-01903\\be-hdr-ui-workflow\\masks\\be-hdr-ui-1200.pbm	F:\\workspace-server\\create-retro-game-kr-patch-main\\tmp\\SLPS-01903\\be-hdr-ui-workflow\\masks\\be-hdr-ui-1200.png		F:\\workspace-server\\create-retro-game-kr-patch-main\\tmp\\SLPS-01903\\be-hdr-ui-workflow\\masks\\edit\\be-hdr-ui-1200-edit.png				be-hdr 8bpp 184x72, tiles=53		184	72	24	24	1	64	0	1	224-232	2	3					
	1201	F:\\workspace-server\\create-retro-game-kr-patch-main\\tmp\\SLPS-01903\\be-hdr-ui-workflow\\masks\\be-hdr-ui-1201.pbm	F:\\workspace-server\\create-retro-game-kr-patch-main\\tmp\\SLPS-01903\\be-hdr-ui-workflow\\masks\\be-hdr-ui-1201.png		F:\\workspace-server\\create-retro-game-kr-patch-main\\tmp\\SLPS-01903\\be-hdr-ui-workflow\\masks\\edit\\be-hdr-ui-1201-edit.png				be-hdr 8bpp 512x240, tiles=856		512	240	24	24	1	64	0	1	224-232	2	3					
	1202	F:\\workspace-server\\create-retro-game-kr-patch-main\\tmp\\SLPS-01903\\be-hdr-ui-workflow\\masks\\be-hdr-ui-1202.pbm	F:\\workspace-server\\create-retro-game-kr-patch-main\\tmp\\SLPS-01903\\be-hdr-ui-workflow\\masks\\be-hdr-ui-1202.png						be-hdr 8bpp 304x216, tiles=52		304	216	24	24	1	64	0	1	224-232	2	3					
	1203	F:\\workspace-server\\create-retro-game-kr-patch-main\\tmp\\SLPS-01903\\be-hdr-ui-workflow\\masks\\be-hdr-ui-1203.pbm	F:\\workspace-server\\create-retro-game-kr-patch-main\\tmp\\SLPS-01903\\be-hdr-ui-workflow\\masks\\be-hdr-ui-1203.png		F:\\workspace-server\\create-retro-game-kr-patch-main\\tmp\\SLPS-01903\\be-hdr-ui-workflow\\masks\\edit\\be-hdr-ui-1203-edit.png				be-hdr 8bpp 160x72, tiles=57		160	72	24	24	1	64	0	1	224-232	2	3					
	1204	F:\\workspace-server\\create-retro-game-kr-patch-main\\tmp\\SLPS-01903\\be-hdr-ui-workflow\\masks\\be-hdr-ui-1204.pbm	F:\\workspace-server\\create-retro-game-kr-patch-main\\tmp\\SLPS-01903\\be-hdr-ui-workflow\\masks\\be-hdr-ui-1204.png		F:\\workspace-server\\create-retro-game-kr-patch-main\\tmp\\SLPS-01903\\be-hdr-ui-workflow\\masks\\edit\\be-hdr-ui-1204-edit.png				be-hdr 8bpp 160x72, tiles=57		160	72	24	24	1	64	0	1	224-232	2	3					
	1205	F:\\workspace-server\\create-retro-game-kr-patch-main\\tmp\\SLPS-01903\\be-hdr-ui-workflow\\masks\\be-hdr-ui-1205.pbm	F:\\workspace-server\\create-retro-game-kr-patch-main\\tmp\\SLPS-01903\\be-hdr-ui-workflow\\masks\\be-hdr-ui-1205.png		F:\\workspace-server\\create-retro-game-kr-patch-main\\tmp\\SLPS-01903\\be-hdr-ui-workflow\\masks\\edit\\be-hdr-ui-1205-edit.png				be-hdr 8bpp 184x72, tiles=69		184	72	24	24	1	64	0	1	224-232	2	3					
	1206	F:\\workspace-server\\create-retro-game-kr-patch-main\\tmp\\SLPS-01903\\be-hdr-ui-workflow\\masks\\be-hdr-ui-1206.pbm	F:\\workspace-server\\create-retro-game-kr-patch-main\\tmp\\SLPS-01903\\be-hdr-ui-workflow\\masks\\be-hdr-ui-1206.png		F:\\workspace-server\\create-retro-game-kr-patch-main\\tmp\\SLPS-01903\\be-hdr-ui-workflow\\masks\\edit\\be-hdr-ui-1206-edit.png				be-hdr 8bpp 136x72, tiles=45		136	72	24	24	1	64	0	1	224-232	2	3					
	1207	F:\\workspace-server\\create-retro-game-kr-patch-main\\tmp\\SLPS-01903\\be-hdr-ui-workflow\\masks\\be-hdr-ui-1207.pbm	F:\\workspace-server\\create-retro-game-kr-patch-main\\tmp\\SLPS-01903\\be-hdr-ui-workflow\\masks\\be-hdr-ui-1207.png		F:\\workspace-server\\create-retro-game-kr-patch-main\\tmp\\SLPS-01903\\be-hdr-ui-workflow\\masks\\edit\\be-hdr-ui-1207-edit.png				be-hdr 8bpp 512x48, tiles=108		512	48	24	24	1	64	0	1	224-232	2	3					
	1208	F:\\workspace-server\\create-retro-game-kr-patch-main\\tmp\\SLPS-01903\\be-hdr-ui-workflow\\masks\\be-hdr-ui-1208.pbm	F:\\workspace-server\\create-retro-game-kr-patch-main\\tmp\\SLPS-01903\\be-hdr-ui-workflow\\masks\\be-hdr-ui-1208.png		F:\\workspace-server\\create-retro-game-kr-patch-main\\tmp\\SLPS-01903\\be-hdr-ui-workflow\\masks\\edit\\be-hdr-ui-1208-edit.png				be-hdr 8bpp 184x72, tiles=70		184	72	24	24	1	64	0	1	224-232	2	3					
	1209	F:\\workspace-server\\create-retro-game-kr-patch-main\\tmp\\SLPS-01903\\be-hdr-ui-workflow\\masks\\be-hdr-ui-1209.pbm	F:\\workspace-server\\create-retro-game-kr-patch-main\\tmp\\SLPS-01903\\be-hdr-ui-workflow\\masks\\be-hdr-ui-1209.png		F:\\workspace-server\\create-retro-game-kr-patch-main\\tmp\\SLPS-01903\\be-hdr-ui-workflow\\masks\\edit\\be-hdr-ui-1209-edit.png				be-hdr 8bpp 184x72, tiles=71		184	72	24	24	1	64	0	1	224-232	2	3					
	1210	F:\\workspace-server\\create-retro-game-kr-patch-main\\tmp\\SLPS-01903\\be-hdr-ui-workflow\\masks\\be-hdr-ui-1210.pbm	F:\\workspace-server\\create-retro-game-kr-patch-main\\tmp\\SLPS-01903\\be-hdr-ui-workflow\\masks\\be-hdr-ui-1210.png		F:\\workspace-server\\create-retro-game-kr-patch-main\\tmp\\SLPS-01903\\be-hdr-ui-workflow\\masks\\edit\\be-hdr-ui-1210-edit.png				be-hdr 8bpp 128x48, tiles=32		128	48	24	24	1	64	0	1	224-232	2	3					
	1211	F:\\workspace-server\\create-retro-game-kr-patch-main\\tmp\\SLPS-01903\\be-hdr-ui-workflow\\masks\\be-hdr-ui-1211.pbm	F:\\workspace-server\\create-retro-game-kr-patch-main\\tmp\\SLPS-01903\\be-hdr-ui-workflow\\masks\\be-hdr-ui-1211.png		F:\\workspace-server\\create-retro-game-kr-patch-main\\tmp\\SLPS-01903\\be-hdr-ui-workflow\\masks\\edit\\be-hdr-ui-1211-edit.png				be-hdr 8bpp 128x48, tiles=34		128	48	24	24	1	64	0	1	224-232	2	3					
	1212	F:\\workspace-server\\create-retro-game-kr-patch-main\\tmp\\SLPS-01903\\be-hdr-ui-workflow\\masks\\be-hdr-ui-1212.pbm	F:\\workspace-server\\create-retro-game-kr-patch-main\\tmp\\SLPS-01903\\be-hdr-ui-workflow\\masks\\be-hdr-ui-1212.png		F:\\workspace-server\\create-retro-game-kr-patch-main\\tmp\\SLPS-01903\\be-hdr-ui-workflow\\masks\\edit\\be-hdr-ui-1212-edit.png				be-hdr 8bpp 128x48, tiles=35		128	48	24	24	1	64	0	1	224-232	2	3					
	1213	F:\\workspace-server\\create-retro-game-kr-patch-main\\tmp\\SLPS-01903\\be-hdr-ui-workflow\\masks\\be-hdr-ui-1213.pbm	F:\\workspace-server\\create-retro-game-kr-patch-main\\tmp\\SLPS-01903\\be-hdr-ui-workflow\\masks\\be-hdr-ui-1213.png		F:\\workspace-server\\create-retro-game-kr-patch-main\\tmp\\SLPS-01903\\be-hdr-ui-workflow\\masks\\edit\\be-hdr-ui-1213-edit.png				be-hdr 8bpp 128x48, tiles=38		128	48	24	24	1	64	0	1	224-232	2	3					
	1214	F:\\workspace-server\\create-retro-game-kr-patch-main\\tmp\\SLPS-01903\\be-hdr-ui-workflow\\masks\\be-hdr-ui-1214.pbm	F:\\workspace-server\\create-retro-game-kr-patch-main\\tmp\\SLPS-01903\\be-hdr-ui-workflow\\masks\\be-hdr-ui-1214.png						be-hdr 8bpp 304x208, tiles=486		304	208	24	24	1	64	0	1	224-232	2	3					
	1215	F:\\workspace-server\\create-retro-game-kr-patch-main\\tmp\\SLPS-01903\\be-hdr-ui-workflow\\masks\\be-hdr-ui-1215.pbm	F:\\workspace-server\\create-retro-game-kr-patch-main\\tmp\\SLPS-01903\\be-hdr-ui-workflow\\masks\\be-hdr-ui-1215.png						be-hdr 8bpp 304x208, tiles=503		304	208	24	24	1	64	0	1	224-232	2	3					
	1216	F:\\workspace-server\\create-retro-game-kr-patch-main\\tmp\\SLPS-01903\\be-hdr-ui-workflow\\masks\\be-hdr-ui-1216.pbm	F:\\workspace-server\\create-retro-game-kr-patch-main\\tmp\\SLPS-01903\\be-hdr-ui-workflow\\masks\\be-hdr-ui-1216.png						be-hdr 8bpp 304x208, tiles=413		304	208	24	24	1	64	0	1	224-232	2	3					
	1217	F:\\workspace-server\\create-retro-game-kr-patch-main\\tmp\\SLPS-01903\\be-hdr-ui-workflow\\masks\\be-hdr-ui-1217.pbm	F:\\workspace-server\\create-retro-game-kr-patch-main\\tmp\\SLPS-01903\\be-hdr-ui-workflow\\masks\\be-hdr-ui-1217.png						be-hdr 8bpp 304x208, tiles=388		304	208	24	24	1	64	0	1	224-232	2	3					
